{"cameraMode":{"drawMode":0,"name":"Shaded","section":"Shading Mode"},"sceneLighting":false,"audioPlay":false,"sceneViewState":{"m_AlwaysRefresh":false,"showFog":true,"showSkybox":false,"showFlares":true,"showImageEffects":true,"showParticleSystems":true,"showVisualEffectGraphs":true,"m_FxEnabled":true},"in2DMode":false,"pivot":{"x":-0.0655968189239502,"y":2.7809107303619386,"z":0.06852173805236817},"rotation":{"x":0.3896065950393677,"y":-0.19228003919124604,"z":0.08358234167098999,"w":0.8969257473945618},"size":3.3407845497131349,"orthographic":false}