{"cameraMode":{"drawMode":0,"name":"Shaded","section":"Shading Mode"},"sceneLighting":false,"audioPlay":false,"sceneViewState":{"m_AlwaysRefresh":false,"showFog":true,"showSkybox":false,"showFlares":true,"showImageEffects":true,"showParticleSystems":true,"showVisualEffectGraphs":true,"m_FxEnabled":true},"in2DMode":false,"pivot":{"x":-0.03353077173233032,"y":2.092120885848999,"z":-0.0037555694580078127},"rotation":{"x":0.3896065950393677,"y":-0.19228003919124604,"z":0.08358234167098999,"w":0.8969257473945618},"size":2.4273176193237306,"orthographic":false}