{"cameraMode":{"drawMode":0,"name":"Shaded","section":"Shading Mode"},"sceneLighting":false,"audioPlay":false,"sceneViewState":{"m_AlwaysRefresh":false,"showFog":true,"showSkybox":false,"showFlares":true,"showImageEffects":true,"showParticleSystems":true,"showVisualEffectGraphs":true,"m_FxEnabled":true},"in2DMode":false,"pivot":{"x":14.13545036315918,"y":17.57872200012207,"z":156.00103759765626},"rotation":{"x":-0.011211145669221878,"y":0.9647769927978516,"z":-0.25954675674438479,"w":-0.041706908494234088},"size":3.3636605739593508,"orthographic":false}