{"cameraMode":{"drawMode":0,"name":"Shaded","section":"Shading Mode"},"sceneLighting":false,"audioPlay":false,"sceneViewState":{"m_AlwaysRefresh":false,"showFog":true,"showSkybox":false,"showFlares":true,"showImageEffects":true,"showParticleSystems":true,"showVisualEffectGraphs":true,"m_FxEnabled":true},"in2DMode":false,"pivot":{"x":13.348608016967774,"y":17.734615325927736,"z":156.68202209472657},"rotation":{"x":-0.1023152768611908,"y":-0.8822728991508484,"z":0.2254672646522522,"w":-0.40036845207214358},"size":1.3434194326400757,"orthographic":false}