{"cameraMode":{"drawMode":0,"name":"Shaded","section":"Shading Mode"},"sceneLighting":false,"audioPlay":false,"sceneViewState":{"m_AlwaysRefresh":false,"showFog":true,"showSkybox":false,"showFlares":true,"showImageEffects":true,"showParticleSystems":true,"showVisualEffectGraphs":true,"m_FxEnabled":true},"in2DMode":false,"pivot":{"x":-0.11682665348052979,"y":0.3310115337371826,"z":-0.10278519988059998},"rotation":{"x":0.18616658449172975,"y":-0.5524377822875977,"z":0.12818533182144166,"w":0.802323579788208},"size":3.6199212074279787,"orthographic":false}