{"cameraMode":{"drawMode":0,"name":"Shaded","section":"Shading Mode"},"sceneLighting":false,"audioPlay":false,"sceneViewState":{"m_AlwaysRefresh":false,"showFog":true,"showSkybox":false,"showFlares":true,"showImageEffects":true,"showParticleSystems":true,"showVisualEffectGraphs":true,"m_FxEnabled":true},"in2DMode":false,"pivot":{"x":-0.053788185119628909,"y":3.145517349243164,"z":-0.5286331176757813},"rotation":{"x":0.08259351551532746,"y":0.7186665534973145,"z":-0.08665642142295838,"w":0.6849725246429443},"size":22.82261085510254,"orthographic":false}