{"cameraMode":{"drawMode":0,"name":"Shaded","section":"Shading Mode"},"sceneLighting":false,"audioPlay":false,"sceneViewState":{"m_AlwaysRefresh":false,"showFog":true,"showSkybox":false,"showFlares":true,"showImageEffects":true,"showParticleSystems":true,"showVisualEffectGraphs":true,"m_FxEnabled":true},"in2DMode":false,"pivot":{"x":-1.0783827304840088,"y":-0.9842949509620667,"z":-0.3494506776332855},"rotation":{"x":-0.062177736312150958,"y":-0.9120794534683228,"z":0.15074720978736878,"w":-0.3761979639530182},"size":7.394755840301514,"orthographic":false}